number,word,pos_tag
4,aahing,VBG
113,abased,VBN
134,abasic,JJ
146,abated,VBN
152,abatic,JJ
409,abided,VBD
439,abying,VBG
529,abkary,JJ
641,aboded,VBD
707,aboral,JJ
856,abroad,RB
1165,aburst,RB
1170,abused,VBN
2037,acetic,JJ
2281,aching,VBG
2438,acidly,RB
3035,across,IN
3081,actian,JJ
3092,acting,VBG
3252,active,JJ
3282,actual,JJ
3410,adaize,VB
3434,adamic,JJ
3541,adding,VBG
3568,addled,VBN
3837,adhere,RB
4329,adoral,JJ
4336,adored,VBN
4420,adrian,JJ
4753,aecial,JJ
4908,aerial,JJ
4919,aeried,VBN
4931,aerily,RB
5238,aetian,JJ
5263,afaced,VBN
5339,affere,RB
5362,affied,VBN
5380,affing,VBG
5554,afocal,JJ
5860,agamic,JJ
5963,agazed,VBN
5970,agedly,RB
5974,ageing,VBG
6171,agible,JJ
6307,agnize,VB
6342,agoing,VBG
6348,agonal,JJ
6449,agreed,VBD
6608,aguish,JJ
6709,aiding,VBG
6774,ailing,VBG
6809,aiming,VBG
6921,airily,RB
6924,airing,VBG
6926,airish,JJ
7001,airted,VBN
7014,airway,RB
7035,aisled,VBN
7363,alated,VBN
7439,albian,JJ
8012,alfred,VBN
8152,algous,JJ
8186,alible,JJ
8308,alined,VBN
8320,alioth,DT
8721,allied,JJ
9156,almost,RB
9157,almous,JJ
9373,alpian,JJ
9597,alumic,JJ
9709,always,RB
9719,amable,JJ
9860,amated,VBN
9893,amazed,VBN
9930,ambary,JJ
10043,ambled,VBN
10389,amical,JJ
10391,amiced,VBN
10654,amyous,JJ
10657,amiral,JJ
10705,amlong,RB
10906,amoral,JJ
10987,amoved,VBN
11015,ampere,RB
11424,amused,VBN
11781,anally,RB
12156,anchat,RB
12324,andian,JJ
12326,anding,VBG
12488,aneled,VBN
12498,anemic,JJ
12568,anerly,RB
12607,anetic,JJ
12609,aneuch,JJ
12646,angary,JJ
12856,angled,VBN
13273,anisic,JJ
13377,anyway,RB
13480,annary,JJ
13612,annual,JJ
13772,anomic,JJ
14683,anthus,RB
15682,anting,VBG
16482,antral,JJ
16530,anural,JJ
16571,aonian,JJ
16584,aortic,JJ
16604,aosmic,JJ
16946,apiary,JJ
16954,apical,JJ
16979,apiece,RB
17608,appear,VB
17712,appere,RB
17777,appled,VBN
18136,aptian,JJ
18151,apulse,RB
18331,arable,JJ
18807,arched,VBN
19049,archly,RB
19185,arcing,VBG
19212,arctic,JJ
19241,arcual,JJ
19277,ardish,JJ
19541,argive,JJ
19546,argled,VBN
19578,argued,VBD
19658,arided,VBD
19665,aridly,RB
19697,ariled,VBN
19731,arised,VBN
19858,arling,VBG
19880,armary,JJ
19924,armied,VBN
19944,arming,VBG
20103,around,IN
20259,arriet,JJ
20264,arrish,JJ
20275,arrive,JJ
20548,artful,JJ
20726,artily,RB
20760,artize,VB
20963,ascian,JJ
21084,asemic,JJ
21130,ashcan,JJ
21147,ashily,RB
21151,ashing,VBG
21311,asking,VBG
21530,aspish,JJ
21595,assary,JJ
21819,assish,JJ
21845,assize,VB
21932,assume,VB
22011,astely,RB
22096,astian,JJ
22184,astral,JJ
22365,aswing,VBG
22585,athing,VBG
22737,atomic,JJ
22770,atonal,JJ
22778,atoned,VBN
22794,atopen,VB
22845,atrial,JJ
22909,atrous,JJ
23269,audian,JJ
23285,auding,VBG
23473,aumous,JJ
23487,auntly,RB
23644,aurous,JJ
23781,autere,RB
24735,aviary,JJ
24782,avidly,RB
24822,avitic,JJ
24871,avouch,JJ
24894,avowed,VBN
24905,avulse,RB
24983,aweary,JJ
24988,awedly,RB
24994,aweing,VBG
25044,awmous,JJ
25049,awning,VBG
25067,awrong,RB
25143,axised,VBN
25178,axonal,JJ
25319,azonal,JJ
25346,azoted,VBN
25356,azotic,JJ
25405,azured,VBN
25466,babble,JJ
25473,babbly,RB
25507,babied,VBN
25657,bached,VBN
25766,backed,VBD
26183,badged,VBN
26295,bagged,VBN
26456,bailed,VBN
26518,bayous,JJ
26543,baited,VBN
26558,baized,VBN
26778,balded,VBN
26792,baldly,RB
26874,balked,VBD
26941,balled,VBN
27157,baltic,JJ
27164,baluch,JJ
27216,bammed,VBN
27249,bancal,JJ
27288,banded,VBN
27419,banged,VBN
27488,banked,VBN
27535,banned,VBN
27811,barble,JJ
27836,barcan,JJ
27855,barded,VBN
27915,barely,RB
27951,barged,VBN
28047,barked,VBN
28310,barred,VBN
28444,baruch,JJ
28504,basely,RB
28539,bashed,VBN
28665,basing,VBG
28701,basked,VBN
28785,bassly,RB
28824,basted,VBN
28917,bathed,VBN
28931,bathic,JJ
29090,batted,VBN
29192,bauble,JJ
29257,bawble,JJ
29280,bawled,VBN
29381,beaded,VBN
29420,beaked,VBN
29446,beamed,VBN
29477,beaned,VBN
29537,beared,VBN
29633,beaued,VBN
29726,bebled,VBN
29764,became,VBD
29810,bechic,JJ
29818,becked,VBN
30004,bedded,VBN
30164,bedral,JJ
30509,before,IN
30623,begged,VBN
30816,behind,IN
30881,beinly,RB
30883,beyond,IN
31071,belied,VBN
31139,belled,VBN
31298,belted,VBN
31494,bended,VBN
32565,bested,VBN
32828,betted,VBN
32829,better,RBR
33087,bharal,JJ
33170,biased,VBN
33208,bibble,JJ
33577,bienly,RB
33721,bigged,VBN
33725,bigger,JJR
33813,bijous,JJ
33893,bilged,VBN
33961,bilked,VBN
33981,billed,VBN
34223,binned,VBN
34254,binous,JJ
34507,bioral,JJ
34576,biotic,JJ
34750,birded,VBN
34842,birled,VBN
34843,byrled,VBN
34885,birred,VBN
35231,bitted,VBN
35607,bladed,VBN
35653,blamed,VBN
35746,blared,VBN
35910,blawed,VBN
35916,blazed,VBN
36401,blolly,RB
36755,bluely,RB
36821,blumed,VBN
36986,boated,VBN
37006,boatly,RB
37065,bobble,JJ
37192,bodied,VBN
37205,bodily,RB
37253,boeing,VBG
37295,bogged,VBN
37329,bogled,VBN
37348,bogued,VBN
37427,boiled,VBN
37499,bolded,VBN
37516,boldly,RB
37565,bolled,VBN
37635,bolted,VBN
37739,bomble,JJ
37798,bonded,VBN
37880,bonged,VBN
37923,bonked,VBN
38052,booked,VBN
38154,boomed,VBN
38224,booted,VBN
38286,boozed,VBN
38611,bossed,VBN
38852,boucan,JJ
39063,boused,VBN
39188,bowing,VBG
39204,bowled,VBN
39238,bowsed,VBN
39351,braced,VBN
39650,bragly,RB
39790,braked,VBN
40089,braved,VBN
40120,brawly,RB
40146,brazed,VBN
40519,brewed,VBN
40843,brined,VBN
41213,brolly,RB
41626,browed,VBN
41872,bruted,VBN
41924,bubble,JJ
41935,bubbly,RB
41960,buccal,JJ
41962,buccan,JJ
42032,bucked,VBN
42139,budded,VBN
42168,budged,VBN
42296,bugged,VBN
42320,bugled,VBN
42443,bulged,VBN
42468,bulked,VBN
42526,bulled,VBN
42697,bumble,JJ
42735,bummed,VBN
42783,buncal,JJ
42842,bunged,VBN
42880,bunked,VBN
42923,bunted,VBN
42975,burble,JJ
42980,burbly,RB
43033,burely,RB
43140,buried,VBN
43155,burked,VBN
43172,burled,VBN
43207,burned,VBN
43265,burred,VBN
43386,bushed,VBN
43471,busied,VBN
43478,busily,RB
43496,busked,VBN
43511,bussed,VBN
43522,busted,VBN
43530,bustic,JJ
43629,butled,VBN
43656,butted,VBN
43803,buzzed,VBN
43905,cabble,JJ
43959,cabled,VBN
44278,cadded,VBN
44322,cadere,RB
44333,cadged,VBN
44397,caecal,JJ
44530,cagily,RB
44533,caging,VBG
44688,caking,VBG
44843,calced,VBN
45264,called,VBN
45372,calmed,VBN
45511,calved,VBN
45744,cammed,VBN
46065,cancan,JJ
46324,caning,VBG
46385,canned,VBN
46583,canted,VBN
46629,cantic,JJ
46884,caping,VBG
47625,carcan,JJ
47703,carded,VBN
48041,caried,VBN
48064,caring,VBG
48594,carted,VBN
48707,carved,VBN
48770,cascan,JJ
48900,casing,VBG
49041,casted,VBN
49134,casual,JJ
49760,cating,VBG
49849,catted,VBN
50043,caused,VBN
50238,caving,VBG
50263,cawing,VBG
50301,ceased,VBN
50339,cecily,RB
50374,ceding,VBG
50404,ceiled,VBN
50568,celled,VBN
50646,celtic,JJ
50750,censed,VBN
51216,cepous,JJ
51326,cercal,JJ
51496,cering,VBG
51518,cerned,VBN
51551,cerous,JJ
51701,cessed,VBN
52195,chally,RB
52664,chappy,JJ
52788,chared,VBN
53013,chased,VBN
54195,chided,VBN
54384,chilly,RB
54478,chimed,VBN
54589,chined,VBN
54705,chippy,JJ
54723,chiral,JJ
55690,choppy,JJ
55710,choral,JJ
55749,chored,VBN
56721,churly,RB
56760,chuted,VBN
57028,cicely,RB
57091,cycled,VBN
57329,cyetic,JJ
57552,cymous,JJ
58402,cising,VBG
58443,cisted,VBN
58444,cysted,VBN
58463,cistic,JJ
58464,cystic,JJ
58640,citied,VBN
58659,citing,VBG
58838,citral,JJ
59861,cleuch,JJ
60199,clitic,JJ
60393,cloned,VBN
60435,closed,VBD
60679,cluing,VBG
60906,coaged,VBN
60959,coaled,VBN
61110,coated,VBN
61197,cobble,JJ
61210,cobbly,RB
61302,coccal,JJ
61675,codded,VBN
61770,coding,VBG
61807,coecal,JJ
62208,cogged,VBN
62216,coggly,RB
62363,cohere,RB
62453,coying,VBG
62458,coiled,VBN
62497,coined,VBN
62611,coking,VBG
62669,coldly,RB
62773,coling,VBG
63676,comble,JJ
63748,comely,RB
63837,coming,VBG
64153,common,JJ
64327,comous,JJ
66129,conged,VBN
66346,coning,VBG
66518,conned,VBN
66650,conred,VBN
68215,cooing,VBG
68259,cooled,VBN
68280,coolly,RB
68507,copied,VBN
68529,coping,VBG
68712,coptic,JJ
68906,corded,VBN
69123,coring,VBG
69248,corned,VBN
69587,corral,JJ
69900,corved,VBN
69991,cosily,RB
69999,cosing,VBG
70175,costed,VBN
70199,costly,JJ
70355,coting,VBG
70414,cotted,VBN
70472,coucal,JJ
71531,coving,VBG
71610,cowing,VBG
71621,cowled,VBN
71714,coxing,VBG
71751,cozily,RB
71754,cozing,VBG
72023,craned,VBN
72175,crappy,JJ
72243,crated,VBN
72284,craved,VBN
72336,crazed,VBN
72796,cretic,JJ
72877,crible,JJ
72934,crying,VBG
73025,crined,VBN
73724,croppy,JJ
73943,crouch,JJ
74001,crowed,VBN
74047,crozed,VBN
74247,crural,JJ
74472,cubing,VBG
74597,cuddly,RB
74621,cueing,VBG
74731,culled,VBN
74754,culmed,VBN
74803,cultic,JJ
74907,cumble,JJ
74908,cumbly,RB
75246,curded,VBN
75257,curdly,RB
75309,curing,VBG
75337,curled,VBN
75401,curred,VBN
75448,cursed,VBN
75509,curted,VBN
75521,curtly,RB
75561,curved,VBN
75674,cussed,VBN
75757,cutely,RB
75846,cutted,VBN
75946,dabble,JJ
75978,dacian,JJ
76109,dading,VBG
76179,daftly,RB
76193,dagged,VBN
76209,daggly,RB
76279,daidly,RB
76299,daying,VBG
76383,daised,VBN
76562,dammed,VBN
76578,damned,VBN
76621,dampen,VB
76676,danced,VBN
76751,danged,VBN
76777,danian,JJ
76791,danize,VB
76933,daring,VBG
76991,darned,VBN
77022,darted,VBN
77066,dashed,VBN
77153,datary,JJ
77183,dating,VBG
77240,dauded,VBN
77291,dauted,VBN
77339,dawing,VBG
77345,dawned,VBN
77361,dawted,VBN
77377,dazing,VBG
77474,deadly,RB
77586,deaned,VBN
77610,dearly,RB
77677,deaved,VBN
77850,debted,VBN
78299,decian,JJ
78412,decked,VBN
78952,deeded,VBN
78969,deemed,VBN
78985,deepen,VB
79283,defied,VBN
79515,deftly,RB
79585,degged,VBN
79770,deiced,VBN
79906,deking,VBG
80028,delian,JJ
80264,deltic,JJ
80313,delved,VBN
80966,denary,JJ
81109,denied,VBD
81146,denize,VB
81155,denned,VBN
81274,dented,VBN
82063,derere,RB
82287,derned,VBN
82292,dernly,RB
82665,desize,VB
83338,deuced,VBN
83554,devily,RB
83761,dewily,RB
83764,dewing,VBG
83972,diable,JJ
83973,dyable,JJ
84214,dialed,VBN
84686,dibble,JJ
84874,dicing,VBG
84974,dictic,JJ
85143,dieing,VBG
85144,dyeing,VBG
85210,dieted,VBN
85232,dietic,JJ
85426,digged,VBN
85564,dihely,RB
85652,diking,VBG
85653,dyking,VBG
85822,dimble,JJ
85941,dimmed,VBN
86104,dinged,VBN
86126,dingly,RB
86142,dining,VBG
86167,dinned,VBN
86216,dinted,VBN
86367,diotic,JJ
86672,dipppy,JJ
86755,direct,JJ
86801,direly,RB
86812,dirged,VBN
86825,dirian,JJ
86841,dirled,VBN
87231,discal,JJ
87261,disced,VBN
88252,dished,VBN
90120,diting,VBG
90148,ditted,VBN
90355,diving,VBG
90531,doable,JJ
90535,doated,VBN
90717,dodded,VBN
90778,dodged,VBN
90885,dogged,VBN
91021,doiled,VBN
91034,doited,VBN
91055,dolcan,JJ
91129,doling,VBG
91149,dolled,VBN
91217,dolous,JJ
91233,dolven,RB
91327,doming,VBG
91373,donary,JJ
91444,donned,VBN
91517,doomed,VBN
91543,doored,VBN
91621,doping,VBG
91663,dorian,JJ
91681,dorize,VB
91846,dosing,VBG
91855,dossed,VBN
91909,doting,VBG
91923,dotted,VBN
91950,double,RB
91987,doubly,RB
92089,dourly,RB
92094,doused,VBN
92185,dowily,RB
92187,dowing,VBG
92223,downed,VBN
92372,dowsed,VBN
92415,dozily,RB
92418,dozing,VBG
92443,drably,RB
92799,drawly,RB
92893,dreary,JJ
93090,drying,VBG
93154,drippy,JJ
93256,drolly,RB
93270,dromed,VBN
93298,droned,VBN
93366,droppy,JJ
93441,droved,VBN
93481,drubly,RB
93613,drused,VBN
93658,dually,RB
93783,ducted,VBN
93840,dueled,VBN
93931,dukely,RB
93993,dulled,VBN
94048,dumble,JJ
94050,dumbly,RB
94087,dumous,JJ
94121,duncan,JJ
94167,dunged,VBN
94213,dunned,VBN
94233,dunted,VBN
94332,duping,VBG
94451,durian,JJ
94457,during,IN
94468,durned,VBN
94480,durous,JJ
94531,dusted,VBN
94587,dutied,VBN
94656,dwined,VBN
94677,eadish,JJ
94685,eagled,VBN
94703,eaning,VBG
94728,earing,VBG
94766,earned,VBN
94901,easier,JJR
94907,easily,RB
94911,easing,VBG
94916,easted,VBN
94967,eathly,RB
94968,eating,VBG
94994,ebbing,VBG
95164,ecesic,JJ
95205,eching,VBG
95660,eddied,VBN
95664,eddish,JJ
95677,edemic,JJ
95722,edgily,RB
95725,edging,VBG
95734,edible,JJ
95775,edited,VBN
95851,educed,VBN
95884,eeyuch,JJ
95904,eeling,VBG
95924,eerily,RB
96149,egally,RB
96191,egging,VBG
96231,egling,VBG
96255,egoize,VB
96393,eyeing,VBG
96394,eyeish,JJ
96574,either,DT
96775,elated,VBN
96847,elding,VBG
96850,eldred,VBN
97502,eleven,RB
97521,elfish,JJ
97551,elided,VBN
97678,elling,VBG
97762,eloped,VBD
97825,eluded,VBN
97843,eluted,VBN
97876,elvish,JJ
98492,emetic,JJ
98618,emmove,VB
98636,emoted,VBN
98985,enable,JJ
99099,enatic,JJ
99174,encave,VB
99654,endere,RB
99679,ending,VBG
99686,endive,JJ
100084,endued,VBN
100168,eneuch,JJ
100688,enlive,JJ
100721,enmove,VB
100830,enough,RB
100908,enring,VBG
100912,enrive,JJ
101122,ensued,VBN
101130,ensure,VB
101443,entify,VB
101449,entire,JJ
101769,enured,VBN
101811,envied,VBN
101871,enwing,VBG
101883,enwove,VB
101939,eolian,JJ
101952,eonian,JJ
102213,epical,JJ
103143,epural,JJ
103489,erased,VBN
103539,eremic,JJ
103661,erical,JJ
103889,eroded,VBN
103922,erotic,JJ
103991,erring,VBG
104019,erthly,RB
104397,espave,VB
104414,espial,JJ
104417,espied,VBN
104538,essive,JJ
104685,estive,JJ
104721,estral,JJ
104815,etched,VBN
105029,ethize,VB
105051,ethnal,JJ
105056,ethnic,JJ
105158,etymic,JJ
105234,ettled,VBN
105550,eunuch,JJ
105835,eurous,JJ
105940,evaded,VBN
106082,evened,VBN
106098,evenly,RB
106182,everly,RB
106246,evilly,RB
106281,evited,VBN
106302,evoked,VBN
106343,evulse,RB
106563,excave,VB
106596,except,IN
107219,exiled,VBN
107271,exited,VBN
107522,exotic,JJ
107597,expect,VB
107948,expose,VB
108803,exuded,VBN
108875,fabian,JJ
108880,fabled,VBN
108976,facial,JJ
108993,facily,RB
109004,facing,VBG
109147,fadged,VBN
109165,faecal,JJ
109194,fagged,VBN
109246,faying,VBG
109250,failed,VBD
109277,fainly,RB
109304,faired,VBN
109339,fairly,RB
109392,faking,VBG
109485,fallen,VBN
109577,famble,JJ
109627,faming,VBG
109628,famish,JJ
109634,famous,JJ
109713,fanged,VBN
109745,fanned,VBN
109876,farced,VBN
109908,farded,VBN
109948,faring,VBG
109957,farish,JJ
109969,farmed,VBN
110058,farted,VBN
110146,fashed,VBN
110183,fasted,VBN
110216,fastly,RB
110322,fating,VBG
110342,fatted,VBN
110377,faucal,JJ
110422,faunal,JJ
110441,faured,VBN
110536,favous,JJ
110542,fawned,VBN
110558,faxing,VBG
110565,fazing,VBG
110585,feaked,VBN
110593,feared,VBN
110618,feased,VBN
110697,featly,RB
110718,feazed,VBN
110753,fecial,JJ
110764,feckly,RB
110839,feeble,JJ
110851,feebly,RB
110864,feeded,VBN
110882,feeing,VBG
110909,feezed,VBN
110914,fegary,JJ
110918,fehmic,JJ
111028,felled,VBN
111092,felsic,JJ
111108,felted,VBN
111203,fenced,VBN
111225,fended,VBN
111254,fenian,JJ
111339,ferial,JJ
111413,ferned,VBN
111444,ferous,JJ
111660,fessed,VBN
111739,fetial,JJ
111761,feting,VBG
111765,fetish,JJ
111792,fetted,VBN
111847,feuded,VBN
111867,feuing,VBG
111901,fewest,JJS
111915,fezzed,VBN
111983,fibred,VBN
112135,ficary,JJ
112144,fichat,RB
112162,fickly,RB
112215,fidded,VBN
112241,fiddly,RB
112278,fidged,VBN
112396,fifing,VBG
112397,fifish,JJ
112416,figary,JJ
112424,figged,VBN
112501,fijian,JJ
112510,fiking,VBG
112600,filial,JJ
112690,filled,VBN
112727,filmed,VBN
112734,filmic,JJ
112808,fimble,JJ
112872,finary,JJ
112909,finely,RB
112923,finest,JJS
112986,finial,JJ
113009,fining,VBG
113033,finked,VBN
113049,finned,VBN
113238,firing,VBG
113241,firked,VBN
113258,firmed,VBN
113272,firmly,RB
113300,fiscal,JJ
113331,fished,VBN
113469,fisted,VBN
113476,fistic,JJ
113546,fitted,VBN
113588,fivish,JJ
113613,fixing,VBG
113618,fixive,JJ
113632,fizzed,VBN
113818,flaked,VBN
113855,flamed,VBN
113988,flappy,JJ
113996,flared,VBN
114066,flated,VBN
114091,flatly,RB
114244,flawed,VBN
114400,fleing,VBG
114482,flewed,VBN
114605,flying,VBG
114683,fliped,VBD
114747,flited,VBN
114748,flyted,VBN
114970,floppy,JJ
114982,floral,JJ
115179,flowed,VBN
115230,flucan,JJ
115324,fluing,VBG
115329,fluked,VBN
115344,flumed,VBN
115555,fluted,VBN
115637,foaled,VBN
115646,foamed,VBN
115718,foeish,JJ
115762,fogged,VBN
115805,foible,JJ
115813,foiled,VBN
115820,foined,VBN
115854,folded,VBN
115882,folial,JJ
115898,folily,RB
115988,follow,VB
116021,fonded,VBN
116032,fondly,RB
116043,fondue,JJ
116061,fonted,VBN
116094,fooled,VBN
116154,footed,VBN
116289,fopped,VBD
116405,forced,VBN
116457,forded,VBN
117208,forged,VBN
117291,forked,VBN
117344,formal,JJ
117408,formed,VBN
117416,former,JJ
117428,formic,JJ
117475,formly,RB
117791,fossed,VBN
117869,fotive,JJ
117895,fouled,VBN
117901,foully,RB
118021,fourth,JJ
118058,fowled,VBN
118094,foxily,RB
118097,foxing,VBG
118099,foxish,JJ
118292,framed,VBN
118515,frazed,VBN
118621,freely,RB
118731,frenal,JJ
118734,french,JJ
118883,friary,JJ
118967,friese,JJ
119034,frying,VBG
119049,frilly,RB
119190,frized,VBN
119742,fucked,VBN
119755,fucous,JJ
119773,fudged,VBN
119783,fueled,VBD
119812,fugged,VBN
119836,fugled,VBN
119846,fugued,VBN
119940,fulled,VBN
120043,fumble,JJ
120090,fumily,RB
120092,fuming,VBG
120094,fumish,JJ
120105,fumous,JJ
120173,funded,VBN
120283,funked,VBN
120297,funned,VBN
120356,furcal,JJ
120400,furial,JJ
120404,furied,VBN
120427,furled,VBN
120489,furred,VBN
120544,furzed,VBN
120605,fusing,VBG
120623,fussed,VBN
120652,fustic,JJ
120739,fuzing,VBG
120742,fuzzed,VBN
120781,gabble,JJ
120820,gabled,VBN
120849,gadded,VBN
120957,gagged,VBN
120967,gaging,VBG
121015,gained,VBN
121029,gainly,RB
121061,gaited,VBN
121236,galere,RB
121317,galled,VBN
121681,gamely,RB
121731,gamily,RB
121738,gaming,VBG
121754,gammed,VBN
121851,ganged,VBN
121865,gangly,RB
121998,gaoled,VBN
122021,gaping,VBG
122067,garble,JJ
122254,garous,JJ
122260,garred,VBN
122355,gashed,VBN
122362,gashly,RB
122432,gassed,VBN
122448,gasted,VBN
122476,gastly,RB
122761,gathic,JJ
122762,gating,VBG
122816,gauged,VBN
122822,gauily,RB
122843,gaumed,VBN
122999,gazing,VBG
123032,geared,VBN
123092,geeing,VBG
123227,gelded,VBN
123254,gelled,VBN
123335,gemmed,VBN
123570,genian,JJ
123752,gently,RB
123764,genual,JJ
124083,geotic,JJ
124178,german,JJ
124379,gested,VBN
124384,gestic,JJ
124699,gibing,VBG
124700,gybing,VBG
124743,gieing,VBG
124756,gifted,VBN
124825,gigged,VBN
124839,giggly,RB
124891,gilded,VBN
124926,gilled,VBN
124984,gimble,JJ
125304,ginned,VBN
125473,girded,VBN
125512,gyring,VBG
125542,girned,VBN
125616,gyrous,JJ
125629,girted,VBN
125707,giving,VBG
125708,gyving,VBG
125820,gladly,RB
125937,glared,VBN
126055,glazed,VBN
126094,gleary,JJ
126140,glegly,RB
126178,glibly,RB
126184,glycan,JJ
126311,glided,VBN
126330,glimed,VBN
126454,global,JJ
126600,gloppy,JJ
126775,gloved,VBN
126808,glozed,VBN
126895,gluily,RB
126897,gluing,VBG
127015,gnarly,RB
127112,gnomed,VBN
127163,goaded,VBN
127174,goaled,VBN
127215,goatly,RB
127245,gobble,JJ
127260,gobian,JJ
127322,godded,VBN
127409,goetic,JJ
127430,goggly,RB
127498,golden,JJ
127725,gonged,VBN
127897,goodly,RB
127942,googly,RB
127972,gooral,JJ
127987,goosed,VBN
128047,gorble,JJ
128079,gorged,VBN
128129,gorily,RB
128139,goring,VBG
128162,gormed,VBN
128267,gothic,JJ
128299,gouged,VBN
128428,gowned,VBN
128479,graced,VBN
128530,graded,VBN
128617,graian,JJ
129222,grated,VBN
129304,graved,VBN
129405,grazed,VBN
129617,greese,JJ
129696,greing,VBG
129781,grided,VBN
129870,grilly,RB
129894,grimed,VBN
130002,grippy,JJ
130037,grisly,RB
130282,grouch,JJ
130391,groved,VBN
130426,growly,RB
131022,guided,VBN
131055,guying,VBG
131070,guiled,VBN
131102,guilty,JJ
131135,guised,VBN
131200,gulled,VBN
131280,gummed,VBN
131388,gunned,VBN
131470,gurged,VBN
131481,gurgly,RB
131488,gurian,JJ
131527,gushed,VBN
131565,gusted,VBN
131610,gutted,VBN
131726,habble,JJ
131747,habere,RB
131861,hacked,VBN
131941,hading,VBG
131972,haeing,VBG
132153,hafted,VBN
132203,hagged,VBN
132220,haggly,RB
132314,haying,VBG
132328,hailed,VBD
132364,hained,VBN
132401,haired,VBN
132571,halely,RB
132664,haling,VBG
132859,halted,VBN
132889,halved,VBN
132936,hamble,JJ
132994,hammed,VBN
133036,hamous,JJ
133086,hanced,VBN
133133,handed,VBN
133338,hanged,VBN
133376,hanked,VBN
133426,hanted,VBN
133504,happen,VB
133530,haptic,JJ
133684,hardly,RB
133763,haring,VBG
133771,harked,VBN
133783,harled,VBN
133812,harmed,VBN
134019,hartly,RB
134066,hashed,VBN
134129,hasted,VBN
134239,hating,VBG
134251,hatred,VBN
134259,hatted,VBN
134268,hattic,JJ
134307,hauled,VBN
134426,having,VBG
134456,hawing,VBG
134461,hawked,VBN
134497,hawsed,VBN
134551,hazily,RB
134554,hazing,VBG
134596,headed,VBN
134635,headly,RB
134757,healed,VBN
134923,heated,VBN
134991,heaved,VBN
135136,hectic,JJ
135203,hedged,VBN
135253,heeded,VBD
135276,heeled,VBN
135302,heezed,VBN
135308,hefted,VBN
135374,heiled,VBN
135398,heired,VBN
135420,heized,VBN
135530,heling,VBG
135675,helled,VBN
135741,helmed,VBN
135802,helped,VBD
135826,helved,VBN
136328,hemmed,VBN
136560,hendly,RB
136614,hented,VBN
136972,herded,VBD
137337,hersed,VBN
137870,hewing,VBG
138086,hexing,VBG
139071,hieing,VBG
139245,higher,JJR
139277,highly,RB
139391,hiking,VBG
139450,hilled,VBN
139530,hilted,VBN
139616,hymned,VBN
139702,hinged,VBN
139726,hinted,VBN
140677,hyping,VBG
141590,hyrcan,JJ
141612,hiring,VBG
141697,hissed,VBN
141720,histed,VBN
142003,hiving,VBG
142034,hoared,VBN
142100,hobble,JJ
142114,hobbly,RB
142153,hocked,VBN
142217,hoeing,VBG
142242,hogged,VBN
142342,hoised,VBN
142368,hoking,VBG
142449,holily,RB
142452,holing,VBG
142469,holked,VBN
142791,homely,RB
142925,homily,RB
142938,homing,VBG
143402,honied,VBN
143403,honily,RB
143404,honing,VBG
143407,honked,VBN
143473,hooded,VBD
143649,hooted,VBN
143659,hooved,VBN
143690,hoping,VBG
143767,horded,VBD
143845,horned,VBN
143948,horral,JJ
144005,horsed,VBN
144153,hosing,VBG
144201,hosted,VBN
144233,hostly,RB
144315,hotted,VBN
144373,hourly,RB
144407,housed,VBN
144566,howked,VBN
144572,howled,VBN
144635,hubble,JJ
144636,hubbly,RB
144731,hugely,RB
144742,hugged,VBN
144794,hulked,VBN
144809,hulled,VBN
144895,humble,JJ
144907,humbly,RB
145015,hummed,VBN
145074,humous,JJ
145183,hunted,VBN
145231,hurled,VBN
145285,hurted,VBN
145331,hushed,VBN
145349,husked,VBN
145415,hutted,VBN
145466,yabble,JJ
145730,yarded,VBN
145752,yarely,RB
145754,yarest,JJS
145772,yarned,VBN
145871,yawing,VBG
145873,yawled,VBN
145881,yawned,VBN
146603,idling,VBG
146604,idlish,JJ
146699,yeaned,VBN
146712,yeared,VBN
146716,yearly,RB
146770,yeeuch,JJ
146787,yelled,VBN
146856,yeming,VBG
146868,yenned,VBN
146893,yepely,RB
146928,yessed,VBN
147174,yirred,VBN
147393,illing,VBG
147409,illish,JJ
147570,imaged,VBN
147627,imamic,JJ
147735,imbred,VBN
147771,imbued,VBN
147783,imdtly,RB
148700,imping,VBG
148717,impish,JJ
148910,impose,VB
149316,inable,JJ
149613,inbred,VBN
150698,indeed,RB
150875,indian,JJ
151093,indish,JJ
151350,indued,VBN
152664,inhere,RB
152710,inhive,JJ
152909,inking,VBG
152911,inkish,JJ
153243,inosic,JJ
153355,inring,VBG
153594,inside,IN
154178,intact,JJ
156970,inured,VBN
157390,inwove,VB
157476,iodize,VB
157483,yodled,VBN
157526,iodous,JJ
157596,yoking,VBG
157630,ionian,JJ
157656,ionize,VB
157718,iotize,VB
157804,yowing,VBG
157806,yowled,VBN
158013,irised,VBN
158032,iritic,JJ
158037,irking,VBG
158055,ironed,VBN
158087,ironly,RB
158517,irving,VBG
158547,isaian,JJ
158566,isatic,JJ
158723,isling,VBG
159379,issued,VBN
159479,itched,VBN
159501,itemed,VBN
159590,itself,PRP
159662,yukian,JJ
159686,yuncan,JJ
159818,jabble,JJ
160047,jadded,VBD
160154,jailed,VBN
160313,jangly,RB
160433,jarble,JJ
160842,jemble,JJ
160994,jessed,VBN
161002,jested,VBN
161058,jetted,VBN
161093,jewely,RB
161210,jiggly,RB
161237,jilted,VBN
161298,jingly,RB
161357,jirble,JJ
161437,jobble,JJ
161538,joggly,RB
161603,joined,VBD
161639,joyous,JJ
161720,jolted,VBN
161836,jotted,VBN
162263,jumble,JJ
162269,jumbly,RB
162360,jungly,RB
162504,justed,VBN
162564,justly,RB
162583,jutted,VBN
162701,kadish,VB
162881,kalend,VB
163078,kanred,VBN
163091,kanten,VB
163241,karmic,VB
163497,kecked,VBN
163513,kedged,VBN
163529,keeked,VBN
163546,keeled,VBN
163569,keened,VBN
163574,keenly,RB
163648,keying,VBG
163742,kelped,VBD
163759,keltic,JJ
163813,kenned,VBN
163883,kepped,VBD
163884,keppen,VB
164033,kerned,VBN
164146,ketose,VB
164382,kibber,VB
164383,kibble,JJ
164422,kicked,VBN
164453,kidded,VBN
164465,kiddle,VB
164589,killed,VBN
164616,killow,VB
164622,kilned,VBN
164691,kilted,VBN
164767,kindle,VB
164775,kindly,RB
164884,kinged,VBN
164900,kingly,RB
164942,kinked,VBN
165034,kipped,VBD
165036,kippen,VB
165087,kirned,VBN
165138,kissed,VBN
165202,kithed,VBN
165203,kythed,VBN
165212,kiting,VBG
165213,kitish,VB
165229,kitted,VBN
165231,kitten,VB
165262,kittly,RB
165436,knappy,JJ
165601,knived,VBN
165654,knolly,RB
165661,knoppy,JJ
165770,knurly,RB
166060,koppen,VB
166224,kraken,VB
166388,kudize,VB
166632,labial,JJ
166790,labral,JJ
166919,lacily,RB
166923,lacing,VBG
166949,lacked,VBN
167054,lactic,JJ
167217,lading,VBG
167231,ladled,VBN
167265,laetic,JJ
167311,lagged,VBN
167376,laical,JJ
167397,laidly,RB
167414,laying,VBG
167446,laired,VBN
167506,laking,VBG
167508,lakish,JJ
167528,lalled,VBN
167603,lambly,RB
167631,lamely,RB
167686,lamest,JJS
167726,laming,VBG
167735,lamish,JJ
167744,lammed,VBN
167777,lamped,VBD
167865,lanced,VBN
167919,landed,VBD
168063,lanely,RB
168317,lapful,JJ
168374,lapped,VBD
168398,lapsed,VBN
168461,larded,VBD
168505,larger,JJR
168616,larked,VBN
168719,lashed,VBN
168736,lasing,VBG
168772,lasted,VBN
168782,lastly,RB
168821,lately,RB
168895,latest,JJS
168908,lathed,VBN
168947,latian,JJ
169004,latish,JJ
169022,lative,JJ
169106,lauded,VBD
169310,laving,VBG
169312,lavish,JJ
169339,lawful,JJ
169360,lawing,VBG
169362,lawish,JJ
169378,lawned,VBN
169415,laxest,JJS
169433,lazary,JJ
169452,lazied,VBN
169460,lazily,RB
169463,lazing,VBG
169512,leaded,VBD
169603,leaked,VBN
169617,leally,RB
169625,leaned,VBN
169633,leanly,RB
169640,leaped,VBD
169676,leased,VBN
169747,leaved,VBN
169750,leaven,RB
169889,ledged,VBN
169932,leeful,JJ
169945,leered,VBN
170082,legged,VBN
170388,lencan,JJ
170393,lended,VBD
170464,lensed,VBN
170479,lentic,JJ
170917,letted,VBN
170948,lettic,JJ
171233,levied,VBN
171307,lewdly,RB
171312,lewing,VBG
171379,liable,JJ
171559,libral,JJ
171706,lycian,JJ
171717,licked,VBN
171779,lidded,VBD
171790,lydian,JJ
171832,lienal,JJ
171952,lifted,VBN
172178,likely,JJ
172200,likest,JJS
172208,liking,VBG
172230,lilial,JJ
172232,lilian,JJ
172234,lilied,VBN
172255,lilted,VBN
172380,liming,VBG
172426,limnal,JJ
172432,limned,VBN
172489,limous,JJ
172494,limped,VBD
172619,limpid,JJ
172920,lining,VBG
172935,linked,VBN
173000,linous,JJ
173087,lionly,RB
173235,lipped,VBD
173421,lisere,RB
173440,lysing,VBG
173466,lisped,VBD
173483,lyssic,JJ
173499,listed,VBN
173639,lithic,JJ
173875,little,JJ
173939,lively,RB
173984,livest,JJS
173994,livian,JJ
174010,livish,JJ
174020,lixive,JJ
174040,lizary,JJ
174071,loaded,VBN
174102,loamed,VBN
174115,loaned,VBN
174212,lobing,VBG
174355,locked,VBN
174494,lodged,VBN
174521,loeing,VBG
174533,lofted,VBN
174579,logged,VBN
174630,logily,RB
174746,loimic,JJ
174754,loined,VBN
174799,lolled,VBN
174868,lonely,RB
174903,longed,VBN
174972,longly,RB
175058,looing,VBG
175063,looked,VBD
175076,loomed,VBN
175095,looped,VBD
175116,loosed,VBN
175135,looted,VBN
175196,loping,VBG
175199,lopped,VBD
175245,lorded,VBD
175252,lordly,RB
175314,loring,VBG
175347,losing,VBG
175378,lothly,RB
175398,lotted,VBN
175425,loudly,RB
175474,louped,VBD
175483,loured,VBN
175493,loused,VBN
175504,louted,VBN
175552,lovely,RB
175596,loving,VBG
175636,lowest,JJS
175639,lowing,VBG
175641,lowish,JJ
175664,lownly,RB
175669,lowsed,VBN
175683,loxing,VBG
175799,lucian,JJ
175838,lucked,VBN
175905,ludian,JJ
175927,luetic,JJ
175949,lugged,VBN
175957,luging,VBG
175986,lukely,RB
176009,lulled,VBN
176127,lumped,VBD
176159,lunary,JJ
176212,lunged,VBN
176261,lunted,VBN
176306,lupous,JJ
176352,luring,VBG
176355,lurked,VBN
176375,lushed,VBN
176384,lushly,RB
176388,lusian,JJ
176395,lusted,VBN
176417,lustly,RB
176522,luting,VBG
176538,luvian,JJ
176539,luvish,JJ
176540,luwian,JJ
176554,luxive,JJ
176602,mabble,JJ
176811,macing,VBG
176839,macled,VBN
177166,madded,VBN
177297,maeing,VBG
177380,magged,VBN
177794,maidly,RB
177808,mayest,JJS
177832,maying,VBG
177845,mailed,VBN
177870,maimed,VBN
177892,mainly,RB
178119,making,VBG
178541,malled,VBN
178583,malmed,VBN
178654,malted,VBN
179398,manned,VBN
179492,manred,VBN
179560,mantic,JJ
179610,manual,JJ
179742,mappen,VB
179855,marbly,RB
179863,marcan,JJ
179987,marged,VBN
180213,marled,VBN
180332,marred,VBN
180465,marted,VBN
180658,mashed,VBN
180778,massed,VBN
180838,masted,VBN
180886,mastic,JJ
181081,mately,RB
181201,matral,JJ
181305,matted,VBN
181409,mauled,VBN
181490,mawing,VBG
181611,mazily,RB
181614,mazing,VBG
181665,meable,JJ
181703,mealed,VBN
181747,meaned,VBN
181766,meanly,RB
181788,measly,RB
181819,meated,VBN
181827,meatic,JJ
181856,meccan,JJ
182294,meered,VBN
182312,meetly,RB
182805,melded,VBN
182924,melled,VBN
183089,melted,VBN
183264,mended,VBN
183451,mensed,VBN
183574,meowed,VBN
183604,mercal,JJ
183744,merely,RB
183756,merest,JJS
183769,merged,VBN
184022,mescal,JJ
184039,mesely,RB
184084,meshed,VBN
184471,messed,VBN
185090,metely,RB
185325,meting,VBG
185383,metred,VBN
185394,metric,JJ
185549,mewing,VBG
185551,mewled,VBN
185567,mezcal,JJ
185640,miaous,JJ
185759,miched,VBN
187078,miking,VBG
187131,mildly,RB
187283,milled,VBN
187524,milted,VBN
187561,mimble,JJ
187609,miming,VBG
187615,mimmed,VBN
187682,minced,VBN
187703,minded,VBN
187718,mindly,RB
188028,minted,VBN
188269,miotic,JJ
188270,myotic,JJ
188403,miring,VBG
188454,mirled,VBN
188834,miscal,JJ
189192,myself,PRP
189236,misere,RB
189562,misled,VBN
189775,mispen,VB
190009,missed,VBN
190208,misted,VBN
190256,mistic,JJ
190257,mystic,JJ
190424,miswed,VBN
190483,mythic,JJ
190623,miting,VBG
190646,mitral,JJ
190649,mitred,VBN
190716,mixing,VBG
190904,moaned,VBN
190916,moated,VBN
190936,mobble,JJ
191085,modern,JJ
191114,modest,JJ
191164,modred,VBN
191198,moeble,JJ
191222,mogged,VBN
191302,moiest,JJS
191311,moiled,VBN
191414,molded,VBN
191457,molest,JJS
191505,moling,VBG
191610,molted,VBN
191626,momble,JJ
191886,monest,JJS
191965,monied,VBN
193001,mooing,VBG
193034,mooned,VBN
193139,moored,VBN
193191,mooted,VBN
193229,moping,VBG
193496,morned,VBN
193643,morral,JJ
193865,mossed,VBN
193892,mostic,JJ
193894,mostly,RB
193931,mothed,VBN
194276,moused,VBN
194408,moving,VBG
194427,mowing,VBG
194457,mozing,VBG
194516,muchly,RB
194627,mucous,JJ
194656,mudded,VBN
194783,mugged,VBN
194919,muling,VBG
194933,mulled,VBN
195455,mumble,JJ
195473,mummed,VBN
195722,muring,VBG
195776,murral,JJ
195954,mushed,VBN
196028,musily,RB
196030,musing,VBG
196121,mussed,VBN
196164,musted,VBN
196247,mutely,RB
196256,mutest,JJS
196285,muting,VBG
196332,mutual,JJ
196441,naboth,DT
196459,nachus,RB
196463,nacred,VBN
196507,nagged,VBN
196519,naggly,RB
196522,naging,VBG
196532,nagual,JJ
196575,nailed,VBN
196624,naitly,RB
196628,naiver,RB
196658,nakong,RB
196694,namely,RB
196704,naming,VBG
197005,naresh,JJ
197014,narial,JJ
197102,nasard,RB
197105,nascan,JJ
197125,nasial,JJ
197188,nastic,JJ
197247,nather,RB
197282,native,JJ
197440,nautic,JJ
197487,navely,RB
197495,navete,JJ
197532,navite,RB
197544,nazard,RB
197588,neanic,JJ
197602,nearby,RB
197605,neared,VBN
197610,nearly,RB
197638,neatly,RB
197678,nebuly,RB
197910,needed,VBN
197960,needly,RB
198250,nemean,JJ
198411,neoned,VBN
198709,nerite,RB
198735,nerved,VBN
198741,nerver,RB
198785,neshly,RB
198815,nested,VBN
198824,nestle,RB
198848,netful,JJ
198851,nether,RB
198886,netted,VBN
198910,nettly,RB
198931,neumic,JJ
198935,neural,JJ
198983,neuric,JJ
199375,newcal,JJ
199384,newest,JJS
199400,newing,VBG
199402,newish,JJ
199505,nextly,RB
199549,nibble,JJ
199550,nybble,JJ
199560,niblic,JJ
199564,nibong,RB
199580,nicely,RB
199589,nicest,JJS
199595,niched,VBN
199597,nicher,RB
199749,nidary,JJ
199781,niding,VBG
199868,nigged,VBN
199890,niggly,RB
199898,nighed,VBN
199899,nigher,RB
199904,nighly,RB
200069,nilled,VBN
200079,nilous,JJ
200089,nimble,JJ
200095,nimbly,RB
200108,nimmed,VBN
200230,niobic,JJ
200321,nither,RB
200352,nitred,VBN
200357,nitric,JJ
200358,nitrid,JJ
200511,nixing,VBG
200535,noahic,JJ
200546,nobble,JJ
200566,nobled,VBN
200604,nocive,JJ
200679,nodded,VBN
200707,nodose,RB
200710,nodous,JJ
200743,noetic,JJ
200754,nogged,VBN
200777,noyful,JJ
200785,noyous,JJ
200791,noised,VBN
200870,nomial,JJ
201429,nonary,JJ
208449,nooned,VBN
208467,noosed,VBN
208486,norard,RB
208497,nordic,JJ
208520,norite,RB
208533,normal,JJ
208572,normed,VBN
208661,norway,RB
208675,nosean,JJ
208715,noshed,VBN
208716,nosher,RB
208724,nosily,RB
208728,nosing,VBG
208731,nosite,RB
208772,nostic,JJ
208823,notary,JJ
208896,nother,RB
208916,nothus,RB
208946,noting,VBG
209049,nounal,JJ
209171,novial,JJ
209208,nowhat,RB
209230,noxial,JJ
209264,nubble,JJ
209267,nubbly,RB
209275,nubian,JJ
209396,nudely,RB
209402,nudest,JJS
209404,nudged,VBN
209421,nudish,JJ
209467,nulled,VBN
209533,numble,JJ
209535,numbly,RB
209669,nunned,VBN
209698,nurled,VBN
209705,nursed,VBN
209830,nutted,VBN
209858,oafish,JJ
209891,oarial,JJ
209894,oaring,VBG
209936,oathed,VBN
210018,obeish,JJ
210255,oblong,RB
210313,obrize,VB
210517,obtain,VB
210539,obtest,JJS
210858,ochred,VBN
210982,octary,JJ
211200,oddest,JJS
211202,oddish,JJ
211228,odible,JJ
211244,odinic,JJ
211250,odious,JJ
211261,odling,VBG
211372,odored,VBN
211649,offing,VBG
211651,offish,JJ
211708,oftest,JJS
211719,ogamic,JJ
211743,ogived,VBN
211751,ogling,VBG
211764,ogrish,JJ
211825,oilcan,JJ
211851,oilily,RB
211854,oiling,VBG
211855,oilish,JJ
211883,oilway,RB
211888,oinked,VBN
211997,olamic,JJ
212009,oldest,JJS
212019,oldish,JJ
212047,oleary,JJ
212108,oleous,JJ
212288,olived,VBN
212407,omened,VBN
212706,onding,VBG
212808,onymal,JJ
213014,oohing,VBG
213041,oolong,RB
213107,oorial,JJ
213149,oozily,RB
213152,oozing,VBG
213177,opaled,VBN
213230,opened,VBN
213244,openly,RB
213336,ophian,JJ
213528,opined,VBN
213638,oppian,JJ
213843,opting,VBG
213857,optive,JJ
213938,orally,RB
213992,orated,VBN
214047,orbing,VBG
214105,orchat,IN
214140,orchic,JJ
214329,oretic,JJ
214702,ornary,JJ
214882,orphic,JJ
214940,orthic,JJ
215208,ortive,JJ
215408,osmous,JJ
215475,ossian,JJ
215712,ostial,JJ
215894,otitic,JJ
216100,ousted,VBN
216830,outing,VBG
216833,outish,JJ
216924,outled,VBN
217844,outway,RB
218006,ovally,RB
218050,ovated,VBN
218076,ovened,VBN
218079,ovenly,RB
219127,overed,VBN
220059,overly,RB
221991,ovonic,JJ
222048,owhere,RB
222062,owling,VBG
222063,owlish,JJ
222080,owning,VBG
222132,oxamic,JJ
222141,oxanic,JJ
222464,oxonic,JJ
222499,ozoned,VBN
222502,ozonic,JJ
222545,pabble,JJ
222717,pacing,VBG
222804,padded,VBN
223021,paging,VBG
223100,paying,VBG
223139,pained,VBN
223212,paired,VBN
223245,paized,VBN
223640,palely,RB
223872,paling,VBG
223955,palled,VBN
224048,palmed,VBN
224347,panary,JJ
224599,panged,VBN
224733,panned,VBN
224912,panted,VBN
226296,parded,VBN
226448,parged,VBN
226476,parian,JJ
226514,paring,VBG
226558,parked,VBN
226594,parled,VBN
226788,parous,JJ
226806,parpen,VB
226819,parral,JJ
226823,parred,VBN
226876,parsed,VBN
226943,parted,VBN
227110,partly,RB
227178,pascal,JJ
227211,pashed,VBN
227289,passed,VBN
227400,pasted,VBN
227681,pathed,VBN
227703,pathic,JJ
228005,patted,VBN
228055,paucal,JJ
228164,paused,VBN
228211,paving,VBG
228247,pawing,VBG
228270,pawned,VBN
228328,peaced,VBN
228423,pealed,VBN
228457,pearly,RB
228539,pebble,JJ
228545,pebbly,RB
228574,peched,VBN
228619,pectic,JJ
228786,pedary,JJ
229022,peeing,VBG
229034,peeled,VBN
229046,peened,VBN
229069,peered,VBN
229081,peerly,RB
229095,peeved,VBN
229165,peined,VBN
229182,peised,VBN
229212,peking,VBG
229413,pelted,VBN
229550,pended,VBN
229727,penned,VBN
230259,peptic,JJ
232109,pertly,RB
232353,petary,JJ
232572,petted,VBN
232653,pewing,VBG
233192,phased,VBD
233243,phatic,JJ
234232,phytic,JJ
234566,phocal,JJ
234654,phoned,VBN
234966,photic,JJ
235800,picary,JJ
236162,pieced,VBN
236184,piedly,RB
236197,pieing,VBG
236286,pietic,JJ
236365,pigged,VBN
236466,pigpen,VB
236532,piking,VBG
236553,pilary,JJ
236654,piling,VBG
236683,pilled,VBN
236793,pilous,JJ
237020,pinged,VBN
237068,pining,VBG
237164,pinned,VBN
237324,pioned,VBN
237374,pioted,VBN
237475,piping,VBG
237490,pippen,VB
237525,piqued,VBN
237741,pirned,VBN
238105,pished,VBN
238136,pissed,VBN
238153,pistic,JJ
238306,pithed,VBN
238317,pythic,JJ
238364,pitied,VBN
238420,pitted,VBN
238543,placed,VBN
238908,planed,VBN
239318,plated,VBN
239362,platic,JJ
239527,platly,RB
240070,plical,JJ
240106,plying,VBG
240280,plowed,VBN
240421,plumed,VBN
240540,plural,JJ
241004,podded,VBN
241187,poetic,JJ
241219,poetly,RB
241363,poyous,JJ
241368,poised,VBN
241434,pokily,RB
241437,poking,VBG
241458,polary,JJ
241606,polian,JJ
242115,poling,VBG
242389,polish,JJ
242671,polled,VBN
242835,pomary,JJ
242855,pomely,RB
243036,ponied,VBN
243060,pontic,JJ
243126,poohed,VBN
243138,pooled,VBN
243176,poorly,RB
243210,popely,RB
243224,popian,JJ
243414,poring,VBG
243505,porous,JJ
243606,ported,VBN
243684,portly,RB
243784,poshly,RB
243788,posied,VBN
243790,posing,VBG
243909,postal,JJ
244056,posted,VBN
244198,postic,JJ
244804,potted,VBN
244933,poured,VBN
244962,pouted,VBN
245042,poxing,VBG
245347,prated,VBN
248329,premed,VBN
248907,preppy,JJ
250048,pretty,RB
250336,priced,VBN
250391,prided,VBN
250459,prying,VBG
250501,primed,VBN
250761,prised,VBN
250879,prized,VBN
253046,prosed,VBN
254011,proved,VBN
254246,pruned,VBN
255873,ptotic,JJ
255883,pubble,JJ
255895,pubian,JJ
256026,puddly,RB
256117,pugged,VBN
256187,puking,VBG
256219,pulian,JJ
256236,puling,VBG
256256,pulled,VBD
256401,pulsed,VBN
256634,punese,JJ
256667,punily,RB
256722,punned,VBN
256745,punted,VBN
256906,purely,RB
256931,purged,VBN
256985,purled,VBN
257093,purred,VBN
257105,pursed,VBN
257187,pushed,VBN
257242,pussly,RB
257285,puting,VBG
257334,putted,VBN
257749,quaere,RB
257806,quaily,RB
257882,qually,RB
258241,quedly,RB
258292,queing,VBG
258458,queued,VBN
258617,quilly,RB
258955,quippy,JJ
258971,quired,VBN
259156,quoted,VBN
259260,rabble,JJ
259408,racial,JJ
259419,racily,RB
259423,racing,VBG
259439,racked,VBN
259496,radded,VBN
259887,rafted,VBN
259928,ragged,VBN
259949,raging,VBG
260005,raided,VBN
260019,raying,VBG
260025,railed,VBN
260041,railly,RB
260087,rained,VBN
260135,raised,VBN
260180,rakely,RB
260194,rakily,RB
260195,raking,VBG
260254,ramble,JJ
260310,ramify,VB
260339,rammed,VBN
260362,ramose,VB
260369,ramous,JJ
260544,ranere,RB
260551,ranged,VBD
260648,ranted,VBN
260692,rapely,RB
260743,raping,VBG
260761,rappen,VB
260784,raptly,RB
260823,rarely,RB
260834,rarify,VB
260838,raring,VBG
260853,rascal,JJ
260886,rashly,RB
260891,rasing,VBG
261007,rathed,VBN
261010,rather,RB
261028,ratify,VB
261125,ratted,VBN
261129,ratten,VB
261180,rattly,RB
261293,raving,VBG
261326,rawing,VBG
261339,raxing,VBG
261350,razing,VBG
261372,razzed,VBN
261401,reable,JJ
261765,really,RB
261811,reamed,VBN
261945,reared,VBN
261961,rearly,RB
262164,reaved,VBN
262413,rebred,VBN
262708,recent,JJ
262934,recked,VBN
263910,redded,VBN
264027,redely,RB
264194,reding,VBG
264461,reduce,VB
264546,reeded,VBN
264600,reeked,VBN
264617,reeled,VBN
264832,reeved,VBN
265557,regave,VB
266059,reiced,VBN
266268,reined,VBN
266572,reived,VBN
266674,reking,VBG
266901,relied,VBN
267044,relose,VB
267048,relove,VB
267190,remble,JJ
267486,remove,VB
267565,rended,VBN
267746,renove,VB
267768,rented,VBN
267862,reopen,VB
268063,repave,VB
268391,repose,VB
268959,rering,VBG
268978,rerose,VB
269027,resave,VB
269040,rescan,JJ
269451,resing,VBG
269534,resize,VB
269889,rested,VBN
270249,retail,JJ
270466,retied,VBN
270572,retled,VBN
270656,retral,JJ
270947,retted,VBN
271043,reused,VBN
271215,revere,RB
271548,revved,VBN
271594,rewave,VB
271638,rewing,VBG
271663,rewove,VB
271953,rhymed,VBN
272376,rhotic,JJ
272438,ribble,JJ
272472,ribose,VB
272541,richly,RB
272556,ricing,VBG
272571,ricked,VBN
272626,ridded,VBN
272659,ridged,VBN
272697,riding,VBG
272731,rifely,RB
272754,rifled,VBN
272771,rifted,VBN
272797,rigged,VBN
272904,ryking,VBG
272922,riling,VBG
272925,rilled,VBN
272961,riming,VBG
272967,rimmed,VBN
272971,rimose,VB
272975,rimous,JJ
273001,rinded,VBN
273029,ringed,VBN
273100,rinsed,VBN
273115,rioted,VBN
273147,ripely,RB
273169,riping,VBG
273241,rising,VBG
273244,risked,VBN
273300,ritely,RB
273322,ritual,JJ
273430,riving,VBG
273434,rivose,VB
273478,roaded,VBN
273519,roamed,VBN
273529,roared,VBN
273576,robing,VBG
273666,rocked,VBN
273735,rodded,VBN
273761,roding,VBG
273842,rogued,VBN
273891,roiled,VBN
273949,rolled,VBN
274084,romble,JJ
274227,rooing,VBG
274229,rooked,VBN
274248,roomed,VBN
274284,roosed,VBN
274306,rooted,VBN
274338,rooved,VBN
274376,ropily,RB
274379,roping,VBG
274523,rosied,VBN
274527,rosily,RB
274538,rosing,VBG
274686,rotted,VBN
274687,rotten,VB
274729,rouble,JJ
274746,rouged,VBN
274912,roused,VBN
274941,routed,VBN
274988,roving,VBG
275030,rowing,VBG
275044,rowted,VBN
275133,rubbly,RB
275185,rubied,VBN
275189,rubify,VB
275246,rucked,VBN
275296,rudely,RB
275332,rudous,JJ
275394,rufous,JJ
275406,rugged,VBN
275425,rugose,VB
275429,rugous,JJ
275442,ruined,VBN
275492,rumble,JJ
275500,rumbly,RB
275696,runted,VBN
275775,rushed,VBN
275856,rusted,VBN
275860,rustic,JJ
275895,rustly,RB
275950,rutted,VBN
276074,sabian,JJ
276082,sabing,VBG
276111,sabred,VBN
276291,sacian,JJ
276302,sacked,VBN
276326,sacral,JJ
276357,sacred,VBN
276563,safely,RB
276609,saftly,RB
276641,sagely,RB
276661,sagged,VBN
276679,saging,VBG
276769,saying,VBG
276780,sailed,VBN
276820,sained,VBN
276856,sairly,RB
276863,saitic,JJ
276868,sajous,JJ
277006,salian,JJ
277282,salted,VBN
277326,saltly,RB
277427,salved,VBN
277525,samely,RB
277537,samian,JJ
277747,sanded,VBD
277843,sanely,RB
277949,saning,VBG
278179,sapped,VBD
278589,sashed,VBN
278619,sassed,VBN
278722,sating,VBG
278882,sauced,VBN
279012,sauted,VBN
279081,saving,VBG
279178,sawing,VBG
279401,scaled,VBN
279615,scaped,VBD
279730,scared,VBN
280767,scious,JJ
280913,sclere,RB
281186,scoped,VBD
281266,scored,VBN
281364,scotic,JJ
281413,scouch,JJ
281480,scowed,VBN
282457,sealed,VBN
282492,seamed,VBN
282555,seared,VBN
282608,seated,VBN
282752,second,JJ
282984,sedged,VBN
283075,seeded,VBD
283109,seeing,VBG
283120,seeled,VBN
283130,seemed,VBD
283152,seeped,VBD
283197,segged,VBN
283243,segued,VBN
283294,seined,VBN
283305,seised,VBN
283363,seized,VBN
283392,sekere,RB
283566,seling,VBG
283656,semble,JJ
283690,semese,JJ
283735,semian,JJ
285205,senary,JJ
285284,senior,JJ
285350,sensed,VBN
285593,sepian,JJ
285711,septic,JJ
286036,serial,JJ
286055,serian,JJ
286111,sering,VBG
286264,serous,JJ
286430,served,VBD
286580,sessed,VBN
286631,sethic,JJ
286656,setous,JJ
286679,settle,VB
286758,severe,JJ
286804,sewing,VBG
286855,sexily,RB
286859,sexing,VBG
286907,sextic,JJ
286950,sexual,JJ
287055,shaded,VBD
287252,shaled,VBN
287262,shally,RB
287320,shamed,VBN
287443,shaped,VBD
287452,shapen,VB
287491,shared,VBN
287628,shaved,VBN
287632,shaven,RB
287653,shawed,VBN
287767,sheely,RB
287971,shelly,RB
288133,sheuch,JJ
288145,shewed,VBN
288239,shying,VBG
288291,shilly,RB
288344,shined,VBN
288451,shippy,JJ
288838,shoppy,JJ
288870,shored,VBN
288989,should,MD
289014,shoved,VBN
289059,showed,VBD
289400,shuted,VBN
289567,siccan,JJ
289576,sicced,VBN
289593,sicily,RB
289613,sicked,VBN
289877,siding,VBG
289881,sidled,VBN
289903,sieged,VBN
289941,sieved,VBN
289966,sifted,VBN
289984,sighed,VBN
290130,signed,VBN
290385,syling,VBG
290402,silked,VBN
290569,silted,VBN
290818,simial,JJ
290819,simian,JJ
290922,simous,JJ
291074,simply,RB
291358,synced,VBN
291673,singed,VBN
291701,single,JJ
291725,singly,RB
291766,sinian,JJ
291823,sinked,VBN
291849,sinned,VBN
292287,siping,VBG
292289,sipped,VBD
292352,sirian,JJ
292354,syrian,JJ
292368,siring,VBG
292436,syrtic,JJ
292629,siting,VBG
292660,situal,JJ
292717,sixing,VBG
292785,sizing,VBG
292838,skated,VBN
292881,skeely,RB
292906,skeily,RB
292949,skelly,RB
293046,skewly,RB
293052,skhian,JJ
293148,skying,VBG
293197,skilly,RB
293315,skippy,JJ
293381,skited,VBN
293411,skived,VBN
293456,skolly,RB
293501,skully,RB
293596,slaked,VBN
293685,slappy,JJ
293710,slated,VBN
293769,slaved,VBN
293988,slewed,VBN
293999,sliced,VBN
294038,slided,VBD
294082,slimed,VBN
294157,sliped,VBD
294195,slippy,JJ
294321,sloked,VBN
294342,sloped,VBD
294360,sloppy,JJ
294389,sloted,VBN
294406,slouch,JJ
294434,sloven,RB
294455,slowed,VBD
294456,slower,JJR
294466,slowly,RB
294552,sluing,VBG
294687,smally,RB
294780,smeary,JJ
294816,smelly,RB
294876,smiled,VBN
294991,smoked,VBN
295102,smouch,JJ
295145,smugly,RB
295224,snaily,RB
295238,snaked,VBN
295304,snappy,JJ
295330,snared,VBN
295346,snarly,RB
295379,snawed,VBN
295462,snelly,RB
295553,snying,VBG
295557,sniped,VBD
295584,snippy,JJ
295660,snodly,RB
295727,snored,VBN
295760,snouch,JJ
295808,snowed,VBN
295945,snugly,RB
295954,snurly,RB
295963,soaked,VBN
295972,soally,RB
295985,soaped,VBD
296024,soared,VBD
296097,social,JJ
296218,socked,VBN
296278,sodded,VBD
296371,softly,RB
296393,sogged,VBN
296417,soiled,VBN
296418,soyled,VBN
296503,solary,JJ
296608,solely,RB
296791,soling,VBG
296925,solved,VBN
297245,soning,VBG
297321,soodly,RB
297344,soonly,RB
297356,sooted,VBN
297410,sophic,JJ
297472,sopped,VBD
297582,sorely,RB
297615,sorned,VBN
297681,sorted,VBN
297702,sortly,RB
297711,soshed,VBN
297741,sothic,JJ
297753,sotted,VBN
297817,souled,VBN
297885,souped,VBD
297928,soured,VBN
297940,sourly,RB
297960,soused,VBN
298065,soviet,JJ
298115,sowing,VBG
298145,spaced,VBN
298195,spaded,VBD
298279,spaked,VBN
298320,spaned,VBN
298400,spared,VBN
298584,spated,VBN
298724,speary,JJ
299337,spewed,VBN
299498,sphere,RB
299628,spical,JJ
299642,spiced,VBN
299760,spying,VBG
299765,spiked,VBN
299793,spiled,VBN
299813,spilly,RB
299876,spined,VBN
300064,spired,VBN
300245,spited,VBN
300665,spoked,VBN
300932,sporal,JJ
300951,spored,VBN
301259,spried,VBN
301448,spuing,VBG
301455,spumed,VBN
301750,squary,JJ
302170,stable,JJ
302188,stably,RB
302302,staged,VBD
302463,staked,VBN
302502,staled,VBN
302715,staned,VBN
302738,stanly,RB
302882,stared,VBN
303031,stated,VBN
303079,static,JJ
303209,staved,VBN
303235,steady,JJ
303395,steely,RB
304211,stewed,VBN
304427,stying,VBG
304448,styled,VBN
304522,stilly,RB
304730,stiped,VBD
305036,stoked,VBN
305054,stoled,VBN
305056,stolen,VBN
305204,stoned,VBN
305332,stoped,VBD
305333,stopen,VB
305385,stored,VBN
305537,stoved,VBN
305545,stoven,RB
305567,stowed,VBN
306177,strial,JJ
306509,strong,JJ
306929,stuped,VBD
306951,stupid,JJ
307022,suable,JJ
307023,suably,RB
307834,subdue,JJ
309544,subtly,RB
309948,sucked,VBN
310011,sudary,JJ
310025,sudden,JJ
310050,sudsed,VBN
310065,sueded,VBD
310217,sugary,JJ
310271,sughed,VBN
310324,suited,VBN
310332,suitly,RB
310357,sulcal,JJ
310539,suling,VBG
310543,sulked,VBN
310928,summed,VBN
311161,sunned,VBN
311242,suomic,JJ
312934,supped,VBD
313367,surely,RB
313441,surged,VBD
313711,susian,JJ
313952,swaged,VBN
314273,sweese,JJ
314350,swelly,RB
314387,sweven,RB
314527,swiped,VBD
314541,swirly,RB
314605,swived,VBN
314833,tabled,VBN
314919,tabued,VBN
315123,tactic,JJ
315253,tagged,VBN
315346,tailed,VBN
315517,taking,VBG
315555,talced,VBN
315645,talked,VBD
315894,tamely,RB
315909,taming,VBG
316022,tanged,VBN
316083,tangly,RB
316171,tanned,VBN
316373,taping,VBG
316418,tappen,VB
316516,tarble,JJ
316569,targed,VBN
316610,taring,VBG
316639,tarnal,JJ
316698,tarred,VBN
316796,tarted,VBN
316809,tartly,RB
316867,tascal,JJ
316878,tasian,JJ
316938,tasted,VBN
316964,tatary,JJ
316978,tatian,JJ
316994,tatted,VBN
317124,tauted,VBN
317136,tautly,RB
317244,tawing,VBG
317267,tawsed,VBN
317320,taxied,VBN
317330,taxing,VBG
317466,teaing,VBG
317486,teamed,VBN
317503,teanal,JJ
317521,teared,VBN
317564,teased,VBN
317596,teated,VBN
317633,teched,VBN
317744,tedded,VBD
317769,teeing,VBG
317772,teemed,VBN
317975,telary,JJ
318717,tended,VBD
318971,tensed,VBN
319041,tented,VBN
319135,tepary,JJ
319356,termed,VBN
319421,termly,RB
319432,ternal,JJ
319444,terned,VBN
319462,terpen,VB
319505,terral,JJ
319782,tested,VBN
320362,tewing,VBG
320775,thecal,JJ
320895,themed,VBN
320911,thenal,JJ
321240,thered,VBN
321622,thetic,JJ
321681,thible,JJ
321780,thilly,RB
321827,thymic,JJ
321911,thinly,RB
322282,tholed,VBN
322384,thoral,JJ
322466,thoued,VBN
322467,though,IN
322704,thring,VBG
323097,thusly,RB
323282,tictic,JJ
323304,tiddly,RB
323319,tidely,RB
323346,tidied,VBN
323353,tidily,RB
323356,tiding,VBG
323378,tieing,VBG
323397,tiered,VBN
323526,tyking,VBG
323589,tiling,VBG
323600,tilled,VBN
323655,tilted,VBN
323762,timely,RB
323910,tincal,JJ
323975,tinged,VBN
323997,tingly,RB
324015,tinily,RB
324018,tining,VBG
324019,tyning,VBG
324051,tinned,VBN
324107,tinted,VBN
324213,typhic,JJ
324303,typing,VBG
324516,tyrian,JJ
324519,tiring,VBG
324520,tyring,VBG
324523,tirled,VBN
324668,tithed,VBN
324669,tythed,VBN
324695,titian,JJ
324728,titled,VBN
325041,toeing,VBG
325099,togged,VBN
325132,toying,VBG
325140,toiled,VBN
325182,toised,VBN
325189,toited,VBN
325216,toking,VBG
325284,toling,VBG
325298,tolled,VBN
325451,tommed,VBN
325531,tonged,VBN
325596,toning,VBG
325646,tonous,JJ
325696,tooled,VBN
325730,toomly,RB
325742,tooted,VBN
325894,toping,VBG
326161,tornal,JJ
326193,torous,JJ
326410,toshly,RB
326413,tosily,RB
326417,tossed,VBN
326510,toting,VBG
326530,totted,VBN
326555,toucan,JJ
326630,toured,VBN
326690,toused,VBN
326699,tously,RB
326704,touted,VBN
326732,toward,IN
326782,towing,VBG
326793,towned,VBN
326821,townly,RB
327030,traced,VBD
327242,traded,VBN
327426,traily,RB
328494,trappy,JJ
328739,treble,JJ
328745,trebly,RB
329168,triary,JJ
329315,triced,VBN
329817,trigly,RB
329912,trying,VBG
330072,trimly,RB
330107,trinal,JJ
330119,trined,VBN
331047,trolly,RB
331457,truced,VBN
331546,truing,VBG
331794,tsking,VBG
332014,tubing,VBG
332154,tufted,VBN
332171,tugged,VBN
332190,tuyere,RB
332225,tulcan,JJ
332283,tumbly,RB
332314,tummed,VBN
332450,tuning,VBG
332468,tunned,VBN
332513,tupian,JJ
332613,turble,JJ
332718,turing,VBG
332812,turned,VBD
332984,tuscan,JJ
332994,tushed,VBN
333112,tutted,VBN
333198,twarly,RB
333241,tweese,JJ
333345,twilly,RB
333359,twined,VBN
333398,twinly,RB
333418,twirly,RB
333600,uchean,JJ
333651,ughten,JJ
333663,uglily,RB
333668,ugrian,JJ
333671,ugroid,JJ
333672,ugsome,JJ
333753,uletic,JJ
333773,ulling,VBG
333785,ulmous,JJ
334218,umbral,JJ
334238,umbret,JJ
334281,umping,VBG
334306,umteen,JJ
334345,unable,JJ
334347,unably,RB
334741,unaged,JJ
334784,unakin,JJ
335509,unaway,RB
335528,unawed,JJ
335536,unaxed,JJ
335571,unbale,JJ
335664,unbear,JJ
335948,unbled,JJ
336044,unbold,JJ
336082,unborn,JJ
336183,unbred,JJ
336346,unbusy,JJ
336808,unchic,JJ
336880,uncial,JJ
336941,uncite,JJ
336963,unclad,JJ
337164,uncoft,JJ
337266,uncome,JJ
338104,uncous,JJ
338321,uncurd,JJ
338427,undean,JJ
338428,undear,JJ
338549,undeep,JJ
339507,undern,JJ
340331,undyed,JJ
340773,undose,JJ
340820,undraw,JJ
340910,unduly,RB
340969,uneasy,JJ
341066,unegal,JJ
341079,uneyed,JJ
341215,unempt,JJ
341572,uneven,RB
341586,unevil,JJ
341923,unfact,JJ
342355,unflat,JJ
342461,unfold,JJ
342640,unfoxy,JJ
342678,unfree,JJ
342705,unfret,JJ
342908,ungamy,JJ
342945,ungear,JJ
343042,ungild,JJ
343046,ungilt,JJ
343066,ungive,JJ
343077,unglad,JJ
343136,unglue,JJ
343166,ungold,JJ
343197,ungown,JJ
343289,ungrid,JJ
343335,ungual,JJ
343447,unhale,JJ
343581,unhazy,JJ
343584,unhead,JJ
343725,unhigh,JJ
343782,unhive,JJ
343797,unhold,JJ
343807,unhome,JJ
343879,unhose,JJ
343904,unhued,JJ
343990,unible,JJ
344004,uniced,JJ
344086,unidle,JJ
344088,unidly,RB
344108,unific,JJ
344893,unioid,JJ
344939,uniped,JJ
345050,unital,JJ
345065,united,JJ
345254,unjust,JJ
345295,unkept,JJ
345324,unking,VBG
345333,unkiss,JJ
345358,unknow,JJ
345485,unlead,JJ
345498,unlean,JJ
345547,unless,IN
345619,unlike,IN
345702,unlive,JJ
346168,unmeek,JJ
346270,unmesh,JJ
346292,unmete,JJ
346340,unmild,JJ
346517,unmold,JJ
346653,unmown,JJ
346802,unnear,JJ
346900,unnigh,JJ
346944,unnose,JJ
347131,unoily,RB
347149,unoped,JJ
347150,unopen,JJ
347202,unoral,JJ
347311,unowed,JJ
347354,unpaid,JJ
347380,unpale,JJ
347895,unpick,JJ
348015,unplat,JJ
348070,unplow,JJ
348473,unprim,JJ
349092,unread,JJ
349924,unrich,JJ
349975,unring,VBG
350124,unrued,JJ
350149,unruly,RB
350220,unsafe,JJ
350699,unseen,JJ
350737,unsely,RB
350818,unsere,RB
350965,unshed,JJ
351038,unshot,JJ
351095,unsick,JJ
351225,unsing,VBG
351307,unskin,JJ
351353,unslim,JJ
351383,unslow,JJ
351475,unsnow,JJ
351512,unsoft,JJ
351525,unsold,JJ
351535,unsole,JJ
351577,unsome,JJ
351652,unsown,JJ
351717,unsped,JJ
352094,unstop,JJ
352328,unsued,JJ
353008,untied,JJ
353026,untilt,JJ
353099,untold,JJ
353130,untorn,JJ
353170,untown,JJ
353358,untrim,JJ
353406,untrue,JJ
353525,unugly,RB
353577,unured,JJ
353593,unused,JJ
353800,unvext,JJ
353924,unvoid,JJ
354029,unwary,JJ
354171,unwept,JJ
354230,unwild,JJ
354236,unwily,RB
354289,unwish,JJ
354323,unwive,JJ
354372,unworn,JJ
354482,upbear,JJ
354501,upblow,JJ
354526,upbred,JJ
354530,upbrim,JJ
354588,upcome,JJ
354627,updive,JJ
354632,updome,JJ
354639,updraw,JJ
354668,upflow,JJ
354674,upfold,JJ
354681,upgale,JJ
354698,upgive,JJ
354719,uphale,JJ
354727,upheap,JJ
354755,uphold,JJ
354783,upkeep,JJ
354799,uplead,JJ
354800,uplean,JJ
354801,upleap,JJ
354807,uplick,JJ
354840,uplong,JJ
354883,upping,VBG
354885,uppish,JJ
354891,upplow,JJ
354919,uprear,JJ
354952,uprive,JJ
354973,uprose,JJ
354992,upseek,JJ
355020,upshot,JJ
355131,upsway,RB
355151,uptear,JJ
355171,uptilt,JJ
355178,uptorn,JJ
355184,uptown,JJ
355192,uptree,JJ
355220,upward,RB
355262,uralic,JJ
355282,uranic,JJ
355367,uratic,JJ
355409,urbian,JJ
355426,urchin,JJ
355486,uremic,JJ
355495,uretal,JJ
355609,uretic,JJ
355625,urging,VBG
355629,urheen,JJ
355655,urinal,JJ
355699,urling,VBG
355700,urluch,JJ
355708,urnful,JJ
355710,urning,VBG
355804,uronic,JJ
355889,ursoid,JJ
355898,urtext,JJ
355916,urtite,JJ
355942,usable,JJ
355944,usably,RB
355962,usedly,RB
355966,useful,JJ
355985,usheen,JJ
356052,usuary,JJ
356161,utible,JJ
356191,utinam,JJ
356273,uveous,JJ
356277,uvitic,JJ
356286,uvular,JJ
356420,vacual,JJ
356480,vagary,JJ
356559,vagous,JJ
356591,vailed,VBN
356602,vainly,RB
356837,valued,VBN
356855,valved,VBN
357016,vanned,VBN
357258,varing,VBG
357343,varved,VBN
357483,vastly,RB
357524,vatted,VBN
357603,vealed,VBN
357666,veered,VBN
357744,veiled,VBN
357761,veinal,JJ
357763,veined,VBN
357799,velary,JJ
357951,vended,VBD
358034,venere,RB
358146,venous,JJ
358156,vented,VBN
358539,verily,RB
358680,vernal,JJ
358773,versed,VBN
359062,vested,JJ
359178,vetted,VBN
359217,vexing,VBG
359226,viable,JJ
359228,viably,RB
359237,vialed,VBN
359256,viatic,JJ
359350,vicary,JJ
359410,vicing,VBG
359536,vidian,JJ
359546,vidual,JJ
359576,viewed,VBN
359590,viewly,RB
359659,viking,VBG
359669,vildly,RB
359675,vilely,RB
359946,vining,VBG
359965,vinous,JJ
360223,virled,VBN
360239,virous,JJ
360403,vising,VBG
360473,visual,JJ
360724,vivary,JJ
360738,vively,RB
360752,vivian,JJ
361003,voided,VBD
361009,voidly,RB
361049,volary,JJ
361076,volcan,JJ
361120,voling,VBG
361403,votary,JJ
361460,vowely,RB
361479,vowing,VBG
361521,vulcan,JJ
361587,vulned,VBN
361660,wabble,JJ
361665,wabbly,RB
361705,wadded,VBD
361723,waddly,RB
361736,wading,VBG
361803,wafted,VBN
361841,wagged,VBD
361856,waggly,RB
361876,waging,VBG
361982,waying,VBG
361997,wailed,VBD
362039,waired,VBD
362072,waited,VBD
362094,waived,VBN
362153,waking,VBG
362191,waling,VBG
362197,walked,VBD
362239,walled,VBD
362316,wamble,JJ
362319,wambly,RB
362393,wanely,RB
362428,waning,VBG
362445,wanned,VBN
362467,wanted,VBD
362514,wapped,VBD
362536,warble,JJ
362544,warbly,RB
362558,warded,VBD
362612,warely,RB
362638,waried,VBN
362641,warily,RB
362646,waring,VBG
362654,warked,VBD
362683,warmed,VBN
362696,warmly,RB
362715,warned,VBD
362736,warped,VBD
362781,warred,VBD
362827,warted,VBN
362889,washed,VBN
362954,waspen,VB
362987,wasted,VBN
363299,wauble,JJ
363315,wauked,VBD
363322,wauled,VBD
363385,wavily,RB
363388,waving,VBG
363396,wawled,VBD
363422,waxily,RB
363425,waxing,VBG
363508,weaned,VBN
363516,weanly,RB
363543,weared,VBD
363645,weaved,VBN
363697,wedded,VBD
363717,wedged,VBN
363736,weeble,JJ
363741,weeded,VBD
363771,weekly,JJ
363786,weened,VBN
363803,weeped,VBD
363825,weeted,VBN
363851,wefted,VBN
363987,welded,VBD
364032,welled,VBD
364102,welted,VBN
364134,wended,VBD
364200,wering,VBG
364316,wetted,VBN
364355,whaled,VBD
364373,whally,RB
364536,wheely,RB
364663,whered,VBD
364798,whiled,VBD
364811,whilly,RB
364863,whined,VBN
364927,whippy,JJ
364980,whirly,RB
365131,whited,VBN
365313,wholly,RB
365357,whored,VBD
365384,whorly,RB
365434,wibble,JJ
365449,wicked,VBD
365512,widely,RB
365530,widest,JJS
365602,wifely,RB
365615,wifing,VBG
365626,wigged,VBD
365642,wiggly,RB
365675,wiking,VBG
365696,wilded,VBD
365721,wildly,RB
365757,wilily,RB
365760,wiling,VBG
365761,wyling,VBG
365771,willed,VBD
365850,wilted,VBN
365859,wimble,JJ
365882,winced,VBD
365936,winded,VBD
366136,winged,VBD
366173,wining,VBG
366176,winked,VBD
366204,winned,VBN
366323,wiping,VBG
366324,wippen,VB
366329,wirble,JJ
366393,wirily,RB
366438,wisely,RB
366452,wisest,JJS
366461,wished,VBN
366473,wishly,RB
366481,wising,VBG
366489,wisped,VBD
366502,wissed,VBN
366512,wisted,VBN
366526,wistly,RB
366603,withed,VBN
366649,within,IN
366691,witing,VBG
366692,wyting,VBG
366724,witted,VBN
366767,wiving,VBG
366804,woaded,VBD
366818,wobble,JJ
366823,wobbly,RB
366870,wogiet,JJ
367008,womble,JJ
367072,woning,VBG
367078,wonned,VBN
367085,wonted,VBN
367142,wooded,VBD
367193,woodly,RB
367292,wooing,VBG
367299,wooled,VBD
367328,woolly,RB
367404,worble,JJ
367418,worded,VBD
367492,worked,VBN
367596,wormed,VBN
367633,worral,JJ
367735,wotted,VBN
367777,wowing,VBG
367957,wrible,JJ
367965,wriest,JJS
367966,wryest,JJS
367986,wrying,VBG
368159,wumble,JJ
368349,xenial,JJ
368350,xenian,JJ
368605,xylose,VB
368763,zagged,VBN
368838,zanily,RB
368941,zealed,VBN
369123,zested,VBN
369204,zigged,VBN
369304,zygous,JJ
369407,zinced,VBN
369456,zinged,VBN
369477,zinked,VBN
369633,zoetic,JJ
369709,zoning,VBG
369715,zonked,VBN
369853,zoomed,VBN
369995,zootic,JJ
